﻿<?xml version="1.0" encoding="utf-8" ?>
<Defs>

  <ThingDef ParentName="BaseProjectileNeolithic">
    <defName>Pilum_Thrown</defName>
    <label>pilum</label>
    <graphicData>
      <texPath>Things/Projectile/Pilum</texPath>
      <graphicClass>Graphic_Single</graphicClass>
    </graphicData>
    <projectile>
      <flyOverhead>true</flyOverhead>
      <damageDef>RangedStab</damageDef>
      <damageAmountBase>30</damageAmountBase>
      <speed>44</speed>
    </projectile>
  </ThingDef>
  <ThingDef ParentName="BaseWeaponNeolithic">
    <defName>Pila</defName>
    <label>pila</label>
    <description>Pila are spears for throwing. They're awkward to use but even one hit can do heavy damage. Can be thrown over walls, although accuracy isn't guaranteed when doing so.</description>
    <graphicData>
      <texPath>Things/Item/Equipment/WeaponRanged/Pilum</texPath>
      <graphicClass>Graphic_Single</graphicClass>
    </graphicData>
    <soundInteract>Interact_BeatFire</soundInteract>
    <costList>
      <WoodLog>70</WoodLog>
    </costList>
    <statBases>
      <WorkToMake>13000</WorkToMake>
      <Mass>4</Mass>
      <AccuracyTouch>0.91</AccuracyTouch>
      <AccuracyShort>0.81</AccuracyShort>
      <AccuracyMedium>0.60</AccuracyMedium>
      <AccuracyLong>0.42</AccuracyLong>
      <RangedWeapon_Cooldown>3.25</RangedWeapon_Cooldown>
      <Weapon_Bulk>1.0</Weapon_Bulk>
    </statBases>
    <weaponTags>
      <li>NeolithicRanged</li>
      <li>NeolithicRangedHeavy</li>
    </weaponTags>
    <recipeMaker>
      <recipeUsers>
        <li>ElectricSmithy</li>
        <li>FueledSmithy</li>
        <li>CraftingSpot</li>
      </recipeUsers>
    </recipeMaker>
    <verbs>
      <li>
        <verbClass>Verb_Shoot</verbClass>
        <hasStandardCommand>true</hasStandardCommand>
        <defaultProjectile>Pilum_Thrown</defaultProjectile>
        <warmupTime>4.0</warmupTime>
        <range>20</range>
        <soundCast>Interact_BeatFire</soundCast>
      </li>
    </verbs>
    <tools>
      <li>
        <label>shaft</label>
        <capacities>
          <li>Blunt</li>
        </capacities>
        <power>8</power>
        <cooldownTime>1.6</cooldownTime>
      </li>
      <li>
        <label>point</label>
        <capacities>
          <li>Blunt</li>
        </capacities>
        <power>10</power>
        <cooldownTime>1.6</cooldownTime>
      </li>
    </tools>
  </ThingDef>
  
  <ThingDef ParentName="BaseProjectileNeolithic">
    <defName>Arrow_Short</defName>
    <label>shortbow arrow</label>
    <graphicData>
      <texPath>Things/Projectile/Arrow_Small</texPath>
      <graphicClass>Graphic_Single</graphicClass>
    </graphicData>
    <projectile>
      <flyOverhead>false</flyOverhead>
      <damageDef>Arrow</damageDef>
      <damageAmountBase>11</damageAmountBase>
      <speed>55</speed>
    </projectile>
  </ThingDef>
  <ThingDef ParentName="BaseWeaponNeolithic">
    <defName>Bow_Short</defName>
    <label>short bow</label>
    <description>A simple short bow. Quick to draw and easy to handle. Great for inexperienced shooters.</description>
    <graphicData>
      <texPath>Things/Item/Equipment/WeaponRanged/BowShort</texPath>
      <graphicClass>Graphic_Single</graphicClass>
    </graphicData>
    <soundInteract>BowSmall</soundInteract>
    <costList>
      <WoodLog>30</WoodLog>
    </costList>
    <statBases>
      <WorkToMake>9000</WorkToMake>
      <Mass>0.8</Mass>
      <AccuracyTouch>0.89</AccuracyTouch>
      <AccuracyShort>0.84</AccuracyShort>
      <AccuracyMedium>0.58</AccuracyMedium>
      <AccuracyLong>0.22</AccuracyLong>
      <RangedWeapon_Cooldown>1.45</RangedWeapon_Cooldown>
      <Weapon_Bulk>1.0</Weapon_Bulk>
    </statBases>
    <weaponTags>
      <li>NeolithicRanged</li>
      <li>NeolithicRangedBasic</li>
    </weaponTags>
    <recipeMaker>
      <recipeUsers>
        <li>ElectricSmithy</li>
        <li>FueledSmithy</li>
        <li>CraftingSpot</li>
      </recipeUsers>
    </recipeMaker>
    <verbs>
      <li>
        <verbClass>Verb_Shoot</verbClass>
        <hasStandardCommand>true</hasStandardCommand>
        <defaultProjectile>Arrow_Short</defaultProjectile>
        <warmupTime>1.05</warmupTime>
        <range>26</range>
        <soundCast>BowSmall</soundCast>
      </li>
    </verbs>
    <tools>
      <li>
        <capacities>
          <li>Blunt</li>
          <li>Poke</li>
        </capacities>
        <power>8</power>
        <cooldownTime>1.6</cooldownTime>
      </li>
    </tools>
  </ThingDef>

  <ThingDef ParentName="BaseProjectileNeolithic">
    <defName>Arrow_Recurve</defName>
    <label>recurve bow arrow</label>
    <graphicData>
      <texPath>Things/Projectile/Arrow_Small</texPath>
      <graphicClass>Graphic_Single</graphicClass>
    </graphicData>
    <projectile>
      <flyOverhead>false</flyOverhead>
      <damageDef>ArrowHighVelocity</damageDef>
      <damageAmountBase>14</damageAmountBase>
      <speed>55</speed>
    </projectile>
  </ThingDef>
  <ThingDef ParentName="BaseWeaponNeolithic">
    <defName>Bow_Recurve</defName>
    <label>recurve bow</label>
    <description>An advanced recurve bow. Its construction behaves like a tuned spring, delivering a fast shot with good range.</description>
    <graphicData>
      <texPath>Things/Item/Equipment/WeaponRanged/BowRecurve</texPath>
      <graphicClass>Graphic_Single</graphicClass>
    </graphicData>
    <soundInteract>BowRecurve</soundInteract>
    <costList>
      <WoodLog>40</WoodLog>
    </costList>
    <statBases>
      <WorkToMake>12000</WorkToMake>
      <Mass>0.85</Mass>
      <AccuracyTouch>0.90</AccuracyTouch>
      <AccuracyShort>0.84</AccuracyShort>
      <AccuracyMedium>0.65</AccuracyMedium>
      <AccuracyLong>0.45</AccuracyLong>
      <RangedWeapon_Cooldown>1.05</RangedWeapon_Cooldown>
      <Weapon_Bulk>1.0</Weapon_Bulk>
    </statBases>
    <weaponTags>
      <li>NeolithicRanged</li>
      <li>NeolithicRangedHunter</li>
    </weaponTags>
    <recipeMaker>
      <recipeUsers>
        <li>ElectricSmithy</li>
        <li>FueledSmithy</li>
        <li>CraftingSpot</li>
      </recipeUsers>
      <researchPrerequisite>RecurveBow</researchPrerequisite>
    </recipeMaker>
    <verbs>
      <li>
        <verbClass>Verb_Shoot</verbClass>
        <hasStandardCommand>true</hasStandardCommand>
        <defaultProjectile>Arrow_Recurve</defaultProjectile>
        <warmupTime>1.95</warmupTime>
        <range>30</range>
        <soundCast>BowRecurve</soundCast>
      </li>
    </verbs>
    <tools>
      <li>
        <capacities>
          <li>Blunt</li>
          <li>Poke</li>
        </capacities>
        <power>8</power>
        <cooldownTime>1.6</cooldownTime>
      </li>
    </tools>
  </ThingDef>

  <ThingDef ParentName="BaseProjectileNeolithic">
    <defName>Arrow_Great</defName>
    <label>longbow arrow</label>
    <graphicData>
      <texPath>Things/Projectile/Arrow_Small</texPath>
      <graphicClass>Graphic_Single</graphicClass>
    </graphicData>
    <projectile>
      <flyOverhead>false</flyOverhead>
      <damageDef>Arrow</damageDef>
      <damageAmountBase>18</damageAmountBase>
      <speed>70</speed>
    </projectile>
  </ThingDef>
  <ThingDef ParentName="BaseWeaponNeolithic">
    <defName>Bow_Great</defName>
    <label>longbow</label>
    <description>A powerful longbow. Fires a heavy arrow a long distance. Requires incredible strength to draw. An inexperienced archer will struggle to use this weapon.</description>
    <graphicData>
      <texPath>Things/Item/Equipment/WeaponRanged/BowGreat</texPath>
      <graphicClass>Graphic_Single</graphicClass>
    </graphicData>
    <soundInteract>BowLarge</soundInteract>
    <costList>
      <WoodLog>50</WoodLog>
    </costList>
    <statBases>
      <WorkToMake>18000</WorkToMake>
      <Mass>1.2</Mass>
      <AccuracyTouch>0.93</AccuracyTouch>
      <AccuracyShort>0.85</AccuracyShort>
      <AccuracyMedium>0.80</AccuracyMedium>
      <AccuracyLong>0.60</AccuracyLong>
      <RangedWeapon_Cooldown>1.05</RangedWeapon_Cooldown>
      <Weapon_Bulk>1.0</Weapon_Bulk>
    </statBases>
    <weaponTags>
      <li>NeolithicRanged</li>
      <li>NeolithicRangedHeavy</li>
      <li>NeolithicRangedChief</li>
    </weaponTags>
    <verbs>
      <li>
        <verbClass>Verb_Shoot</verbClass>
        <hasStandardCommand>true</hasStandardCommand>
        <defaultProjectile>Arrow_Great</defaultProjectile>
        <warmupTime>2.95</warmupTime>
        <range>34</range>
        <soundCast>BowLarge</soundCast>
      </li>
    </verbs>
    <tools>
      <li>
        <capacities>
          <li>Blunt</li>
          <li>Poke</li>
        </capacities>
        <power>8</power>
        <cooldownTime>1.6</cooldownTime>
      </li>
    </tools>
    <recipeMaker>
      <recipeUsers>
        <li>ElectricSmithy</li>
        <li>FueledSmithy</li>
        <li>CraftingSpot</li>
      </recipeUsers>
      <researchPrerequisite>RecurveBow</researchPrerequisite>
    </recipeMaker>
  </ThingDef>

</Defs>


