﻿<?xml version="1.0" encoding="utf-8"?>
<Defs>
  <SoundDef>
    <defName>TW_Hwacha</defName>
    <context>MapOnly</context>
    <eventNames />
    <maxVoices>4</maxVoices>
    <maxSimultaneous>1</maxSimultaneous>
    <subSounds>
      <li>
        <grains>
          <li Class="AudioGrain_Clip">
            <clipPath>TW/Hwacha/Hwacha</clipPath>
          </li>
        </grains>
        <volumeRange>
          <min>40</min>
          <max>70</max>
        </volumeRange>
        <pitchRange>
          <min>0.9</min>
		  <max>1.3</max>
        </pitchRange>
      </li>
    </subSounds>
  </SoundDef>
  
  <SoundDef>
    <defName>TW_HwachaHandheld</defName>
    <context>MapOnly</context>
    <eventNames />
    <maxVoices>4</maxVoices>
    <maxSimultaneous>1</maxSimultaneous>
    <subSounds>
      <li>
        <grains>
          <li Class="AudioGrain_Clip">
            <clipPath>TW/HwachaHandheld/HwachaHandheld</clipPath>
          </li>
        </grains>
        <volumeRange>
          <min>40</min>
          <max>70</max>
        </volumeRange>
        <pitchRange>
          <min>0.9</min>
		  <max>1.3</max>
        </pitchRange>
      </li>
    </subSounds>
  </SoundDef>
</Defs>